country.00000.wav,country,0.10645548136950252,0.02777381567440084,2797.844810465822,6221.176656087239,1340.2440940923652
country.00001.wav,country,0.12612297509877887,0.0127640604436376,2938.155358204135,6279.551664914443,791.3364353543394
country.00002.wav,country,0.07353616676028209,0.02457488763351858,2308.6733650804686,5190.053453357941,1328.8113063215976
country.00003.wav,country,0.10203835920333046,0.023706046965658874,2174.0338689308455,4347.882042285459,1605.860647806876
country.00004.wav,country,0.1236674669867947,0.02016240817838875,2966.0860947459514,6349.153274205447,1086.2168921216573
country.00005.wav,country,0.13540655351421715,0.019067225536648885,2926.2933111397465,6177.12900742877,1081.3645612043053
country.00006.wav,country,0.127598852854072,0.02389935353509759,2807.798623323479,6022.583194607163,1414.192293247182
country.00007.wav,country,0.11195787086764532,0.023178660308062593,2898.717713090442,6399.852967631337,1186.7814202809232
country.00008.wav,country,0.10382658743271145,0.01887983028843868,2505.7118922142513,5479.959461738627,1192.5121168800367
country.00009.wav,country,0.15575795750398924,0.016070419345381497,3191.1974627895097,6926.704745822482,930.1592336395037
country.00010.wav,country,0.07578669725172875,0.028497365814009155,1861.2904354497377,3769.08494281105,1414.9858545784684
country.00011.wav,country,0.10922122084203623,0.05083152322124501,2839.2887217882185,6048.140509443881,2003.1228478934345
country.00012.wav,country,0.06362955597294345,0.011651697034155719,1667.439236105422,3439.542001250725,1663.7066571487967
country.00013.wav,country,0.12869159419374865,0.026317497366159993,2811.73987219857,6061.172010948376,1682.5757502098975
country.00014.wav,country,0.12371766339946651,0.03949203575293664,2952.856255223707,6570.291541292054,1633.3467005656237
country.00015.wav,country,0.09361105411486584,0.03633260508856913,1958.677389724351,4207.726116136166,1247.3925837723525
country.00016.wav,country,0.059714001609924704,0.013338498126669708,1425.9164769253473,2880.7362284295245,1166.2966904576565
country.00017.wav,country,0.06339673069537173,0.0236321096035846,1470.1888295787132,2967.6767442176624,1361.1017053114592
country.00018.wav,country,0.094937155063108,0.02381522961260896,2068.686361980023,4098.40305974478,1433.0814895372785
country.00019.wav,country,0.0505308016478053,0.02405264294982489,1138.713246641952,2117.7230799557715,828.8466087523816
country.00020.wav,country,0.08630922129099126,0.033431166991063056,2407.1006349713375,5210.019282011311,1821.118208892887
country.00021.wav,country,0.04499886884374787,0.009694764565488732,1044.0462117419274,1946.4400218423723,750.7485214132105
country.00022.wav,country,0.06770550653878463,0.017923858010500608,1719.3092365788868,3449.4009774688225,1082.4579505711733
country.00023.wav,country,0.03538961756396294,0.027117824400642587,1494.6650899636236,3050.528782536978,2101.32165302103
country.00024.wav,country,0.0818360507389344,0.0393515609723982,1738.8886737837881,3424.8617858178654,1531.4094301562957
country.00025.wav,country,0.057079056422775346,0.02631661047574039,1564.759947167845,3187.3720385912125,1413.433231111187
country.00026.wav,country,0.05449444330451953,0.01661247367622095,1269.4499677914682,2496.502614740429,1263.7768256768375
country.00027.wav,country,0.09679849459763282,0.018797352710988285,2011.6423244781854,3907.5935664696926,1050.635549643974
country.00028.wav,country,0.059288476411446245,0.016616018023127548,1474.196472269433,2925.859363670969,772.3838557917909
country.00029.wav,country,0.05364055186395259,0.012070999653981163,1214.048919472668,2273.9761954393853,977.4110770252487
country.00030.wav,country,0.042478126594798785,0.009002736843296999,1240.5587507682244,2412.726297400667,1908.0123333447889
country.00031.wav,country,0.0943460426191616,0.028121272308280727,2053.22908865061,4094.5560605785963,1425.5439156496989
country.00032.wav,country,0.067082616495941,0.021949951262502286,1823.0687937358653,4015.4927335593097,1497.7884271014493
country.00033.wav,country,0.1227347675342372,0.03887291455433413,2456.633122147884,4914.691317883556,1264.2358906569862
country.00034.wav,country,0.11847271107463352,0.02114267025608827,2614.438372812534,5435.743207112819,2000.6970616067454
country.00035.wav,country,0.10362899477914393,0.023866460845860048,2321.8715325246903,4580.4187323267115,1628.3726572137996
country.00036.wav,country,0.08412305577038756,0.04603076499126703,1827.5918660270834,3647.221668358469,1510.6121218170756
country.00037.wav,country,0.08460364811044294,0.02763152180666585,2068.5882784767914,4232.86484012471,1882.601029644016
country.00038.wav,country,0.12029715211684054,0.03006262303220123,2859.9756020658756,6246.1943517981435,1464.3892195709714
country.00039.wav,country,0.2106677680094982,0.02608397811359335,3760.290663960851,7441.953272277407,1315.0768308308934
country.00040.wav,country,0.10559222606289229,0.02023957268255543,2449.9807307937476,5043.390926352233,1268.014638607451
country.00041.wav,country,0.09488307001068022,0.02982554688589387,2634.080774456828,5807.827964127755,2134.8973728786727
country.00042.wav,country,0.08645271153060347,0.015117620809930024,2387.9167202300932,5391.769175518417,1282.6998505983922
country.00043.wav,country,0.13341123404762784,0.0219442644862555,2530.388880021283,5070.036808022767,1351.0825213604562
country.00044.wav,country,0.0660286945404612,0.028028897966313568,1729.6277598310405,3358.804979789008,1729.0900261487002
country.00045.wav,country,0.13192873540238473,0.0220153687148666,2777.3828548885317,5622.414261890951,1398.10482202214
country.00046.wav,country,0.11497521101763726,0.030060062380694978,2109.2888337081827,3843.818314058875,905.2751997198178
country.00047.wav,country,0.09364079738623989,0.02573475307530913,1783.961051767401,3555.8512747426043,938.5209155095924
country.00048.wav,country,0.06361044030914763,0.0153982319482682,1939.7642418435357,4127.871739504785,1537.5903570873031
country.00049.wav,country,0.07522915121191555,0.018130965818284245,1599.8152554101518,3006.271638449826,1091.9094063875807
country.00050.wav,country,0.07834104097942347,0.018480501132442612,1780.1519183147395,3874.7025562826275,1365.5303171842909
country.00051.wav,country,0.05891907059291878,0.02551707676137853,1552.852535410727,3167.1211685216067,1202.7157328897945
country.00052.wav,country,0.03528530566647902,0.017266552587793242,1115.4542649777075,2347.310657899507,1210.802248120243
country.00053.wav,country,0.10735837309917523,0.015895384919643357,2271.8075701543466,4957.7743778096,959.1594848184627
country.00054.wav,country,0.059862121698382884,0.014354268806213433,1654.2022722845516,3907.510298089472,1332.1125263107856
country.00055.wav,country,0.08024334766131253,0.013133281253369234,1881.2994302088896,4111.484522277407,1060.6436947843592
country.00056.wav,country,0.05472888201426485,0.02703616033730531,1468.4190609116015,3212.427494199536,1404.1639461543787
country.00057.wav,country,0.07472547977685533,0.026907554510281966,1741.7395076824605,3790.310052929234,1317.5329350647114
country.00058.wav,country,0.07276088058322065,0.017313309953267107,1796.777145535793,4165.250915385731,1272.68032176461
country.00059.wav,country,0.05215875471095889,0.021021766368794034,1535.2795344590572,3509.912109375,2015.4796754197357
country.00060.wav,country,0.04273831007009662,0.020352362013684042,1373.672817662343,3070.3882912195477,1846.4001914265448
country.00061.wav,country,0.048259966012700516,0.017052532007142397,1397.8216063370944,3100.9311330843966,1662.2530243641295
country.00062.wav,country,0.10166948140431732,0.016403375338353548,2166.471557095469,4793.6190930430685,1044.7218763242781
country.00063.wav,country,0.05776230987367879,0.020235190214126668,1614.7481553933537,3659.845154799884,1905.588737071629
country.00064.wav,country,0.05985973662473496,0.01638694382663516,1511.6510939715406,3236.808475928074,1126.8477831069065
country.00065.wav,country,0.03844216108717269,0.013543674016724688,894.1632061211137,1638.8799326602377,925.6092777635654
country.00066.wav,country,0.09803031498755728,0.01652656281756635,1701.919072348953,3244.6273768307715,775.7378735994572
country.00067.wav,country,0.03521911987274931,0.0147032436359469,857.6385822973378,1443.7654641277552,1251.6457999859854
country.00068.wav,country,0.049872205649467836,0.012855519740856403,1130.954293248005,2216.8374329321346,1149.4399623184486
country.00069.wav,country,0.06057350498848675,0.01913161640702816,1327.6835009450767,2755.7670433947214,848.3929588670172
country.00070.wav,country,0.09415846359167539,0.024027857437384236,1934.7465391174644,4048.3754169083527,1117.1184979760951
country.00071.wav,country,0.06020346782693485,0.024365923383736648,1261.4725706259774,2422.2188927457946,1249.7285322276155
country.00072.wav,country,0.08169024557489919,0.01458615430341826,1711.2823134696316,3556.4341534041473,1027.499787103642
country.00073.wav,country,0.06925938202040291,0.01745283143005447,1549.0049755952064,3289.6505900159514,1264.8424292287516
country.00074.wav,country,0.07051112479020998,0.030608239784997666,1534.0256765890642,3117.751345888921,1396.4973451392802
country.00075.wav,country,0.11287799471425591,0.025837803642112266,2187.0867113514614,4840.857245142111,788.6022348588219
country.00076.wav,country,0.065879452064404,0.031074424679552206,1321.163087522188,2589.16366824971,1347.9859002121732
country.00077.wav,country,0.08727878880348221,0.017124176379040984,1512.9985603792006,2922.345438025667,687.7100354807769
country.00078.wav,country,0.049278778281098466,0.0296620180349846,1144.7179186044245,2223.115868800754,1301.6489839658914
country.00079.wav,country,0.045316048564308424,0.019163821500101503,963.4905601645282,1754.4231370540892,1287.0837278683132
country.00080.wav,country,0.08882137025988533,0.02358956943055247,2049.045781101912,4434.182802983613,1691.8291071358335
country.00081.wav,country,0.10036916029624017,0.02121163516712092,2102.3281888392166,4418.120332439095,1329.006702941523
country.00082.wav,country,0.10520850980247733,0.01751903838684735,2253.352182532848,4799.4228991444315,1143.5759416231322
country.00083.wav,country,0.05902061159601763,0.016200324074978262,1436.0750491855931,2924.277264446781,1286.138574042079
country.00084.wav,country,0.09239126431701838,0.019793366952787914,1964.8428801488071,4059.1420184708527,1047.282708701679
country.00085.wav,country,0.0685994531867916,0.022562279738059975,1596.3075160275193,3291.4408601906903,1087.0119889091109
country.00086.wav,country,0.07791165757357338,0.01642371125231211,1879.4005199035505,4031.4136478574537,1181.4243516267077
country.00087.wav,country,0.07343992508062776,0.023232310171326518,1591.292872476873,3162.8828079683876,1248.8436010690764
country.00088.wav,country,0.06555424025758795,0.01347492469537647,1622.7363514869783,3526.9904541582077,1214.4907608960737
country.00089.wav,country,0.05194430853032113,0.016772299566420484,1321.5949691094013,2583.801184563515,1543.2636339001865
country.00090.wav,country,0.09808545227835914,0.01923920558287695,1927.4143433799961,3883.4790435578598,1019.6675430165291
country.00091.wav,country,0.06419997439553289,0.022753290110748253,1563.3282750787007,3233.777506888051,1242.515582033151
country.00092.wav,country,0.12046810577801628,0.02198475476719792,2335.0732890934605,4839.2751459179235,789.0503024322454
country.00093.wav,country,0.06775257666871853,0.020982919388944615,1537.649194401882,3055.325041237674,1085.646089408145
country.00094.wav,country,0.06232320203152155,0.011522441744965499,1474.633907805747,3107.7175060723607,1238.2136052234807
country.00095.wav,country,0.06660938982450419,0.02999476701973643,1557.6838950873705,3220.9208689820184,1177.7944722846914
country.00096.wav,country,0.09657591110690217,0.027165879415021344,1754.2791314825852,3505.0409091321058,1150.0684148864862
country.00097.wav,country,0.06650146524193591,0.030902626327541222,1560.9704395228032,3175.1066061847446,1390.1696000677764
country.00098.wav,country,0.06143269269553658,0.014458345985289282,1425.0102958845073,2980.1253670606147,1093.8049137453484
country.00099.wav,country,0.10743469545590859,0.031248295728014026,2157.4770613555174,4478.648118021317,1137.3364330858308
disco.00000.wav,disco,0.09584010286189464,0.0528564894178686,2297.869205004395,4888.775343226358,1971.7330407622123
disco.00001.wav,disco,0.18728566900390467,0.02809776341446434,3292.625966945947,6522.402264994959,1437.916610782492
disco.00002.wav,disco,0.1524515926504657,0.024503627614037838,3592.1012577762776,8074.801288790603,914.4181139402446
disco.00003.wav,disco,0.148472802147679,0.03072539024060646,3045.7695051132,6206.322905441811,1403.0398977808895
disco.00004.wav,disco,0.16791276242386616,0.03357962746544227,3328.4851237797516,7195.803613507831,1391.3688264992043
disco.00005.wav,disco,0.14343322820826926,0.028035011885244068,2722.7441876547605,5471.916924838362,1294.1572233460872
disco.00006.wav,disco,0.16255378253389524,0.019044800719948785,2848.3484036039818,5506.7628086028135,911.7949577235348
disco.00007.wav,disco,0.13931187117796331,0.021674741440497105,3098.981629103861,6098.076557062065,1306.8410117846822
disco.00008.wav,disco,0.16335792926357096,0.018147320634583363,2801.6483406549696,5445.745412637125,1083.3618339909094
disco.00009.wav,disco,0.16943489538119966,0.039251818319624675,3016.96214464188,5955.021479843387,1401.0482782349832
disco.00010.wav,disco,0.1493114678199199,0.02827139567543584,2877.3249689743534,5865.000033987094,1060.7218036756697
disco.00011.wav,disco,0.13007809362466308,0.030342733045216137,3132.8185749336876,6864.012425681554,1201.3672367415463
disco.00012.wav,disco,0.13069577419445144,0.021344805443089133,2737.426247323321,5710.111999511719,1369.337059307244
disco.00013.wav,disco,0.15832883501428413,0.037527170688428355,3391.3829790307273,7203.938934255365,1162.6306970231901
disco.00014.wav,disco,0.1556547531293219,0.02366705298809052,3087.3869048697566,6529.785515280331,980.2100284244425
disco.00015.wav,disco,0.08965684752890586,0.02116080105509438,2362.1999951747694,5439.015654455481,2270.141835422021
disco.00016.wav,disco,0.1135203343150798,0.019913345936926008,2520.400966509234,5334.7809469288795,1560.9295934163558
disco.00017.wav,disco,0.12012623353027728,0.028834719692855046,2564.319118061095,5388.255249873115,1956.8447096753493
disco.00018.wav,disco,0.1426990265041309,0.018392944135684326,3042.884603420503,6836.725377483323,1260.546944307396
disco.00019.wav,disco,0.10267173845562974,0.033787893537577565,2117.530159147441,4198.499979607744,2173.8817067040395
disco.00020.wav,disco,0.10283960555090818,0.025293963429418375,2116.9272745970575,4349.140806264501,1406.3018061518194
disco.00021.wav,disco,0.12325737926003091,0.017613683196638835,3248.6133322702376,7422.285280869344,1659.5272106916311
disco.00022.wav,disco,0.17209811070599934,0.04238356205318191,3708.0462875354838,7808.592277225928,1303.3390668048137
disco.00023.wav,disco,0.14977985419483597,0.031098686075773013,3167.5676546703503,6730.141850801189,1408.3972397582918
disco.00024.wav,disco,0.11955823525594822,0.02136761803530613,2624.5953730379574,5605.452492840052,1452.541617667829
disco.00025.wav,disco,0.09862900354779705,0.015589762848534432,2410.1827466667305,5080.48698974043,1761.3880834177075
disco.00026.wav,disco,0.1306969851616852,0.030236308216937638,3043.4814904722807,6612.491956387761,1552.1533488949663
disco.00027.wav,disco,0.1005812564778425,0.0243612621924446,2908.392060756294,6346.674306210121,2124.5095340450607
disco.00028.wav,disco,0.19669902299666966,0.04526654992322598,3715.2713510692956,7728.446461263776,1248.3079191365193
disco.00029.wav,disco,0.1375730823394065,0.02331020602387065,3074.942777552132,6847.691823158352,1414.2633641569091
disco.00030.wav,disco,0.1498646646077869,0.03789706200615597,3167.8337523397327,6935.373427530452,1303.3964083406697
disco.00031.wav,disco,0.1727989716123624,0.024109982440844904,3256.7740354745392,6681.338253154002,1261.1663444725805
disco.00032.wav,disco,0.12225340355270749,0.02565632596546348,2446.9190771478084,4958.057490302349,1627.8882186932713
disco.00033.wav,disco,0.12344587022744133,0.023320299467816878,2450.0500752194566,5023.239978338892,1342.6559982990632
disco.00034.wav,disco,0.1795583404797856,0.025004826447611827,3653.609029284893,7835.279793086572,745.476096592871
disco.00035.wav,disco,0.17532960490202784,0.037754025126173436,3623.3629168535454,7702.858088022042,1380.1406570710249
disco.00036.wav,disco,0.1605218050097069,0.022888609681473635,3347.8844806862858,7056.886974786108,952.2576840443517
disco.00037.wav,disco,0.18836540029778345,0.02980206560990223,3637.1944590427943,7770.913335176189,1005.6506917246193
disco.00038.wav,disco,0.1672798761164688,0.04363501231352591,3353.2726037165066,7042.473218169954,1329.0845584391752
disco.00039.wav,disco,0.10051110725290374,0.015707931498638344,2327.861966296338,4866.437291545823,1401.3212360560506
disco.00040.wav,disco,0.12542520075831312,0.024448869166009024,2606.215651844842,5354.847975728683,1242.9161760164127
disco.00041.wav,disco,0.0534692123820397,0.01674425320811517,1776.08433338699,3874.0780434309745,2176.2035241681906
disco.00042.wav,disco,0.12095445035451664,0.02806598754374682,2403.569442471179,4900.710556844548,1279.6703026739926
disco.00043.wav,disco,0.13421132103266675,0.04129829843375649,2874.940334521945,6020.004123767401,2428.4046406761727
disco.00044.wav,disco,0.10870650090404815,0.015339836249422605,2329.9901338015047,4644.094062681264,1748.6375402400274
disco.00045.wav,disco,0.10906506866732257,0.027714843576376075,2248.0037505884757,4609.537684889791,1932.9024012799102
disco.00046.wav,disco,0.11343406762034537,0.025416708199200985,2259.5655416138134,4889.552593895011,1220.750180528411
disco.00047.wav,disco,0.0861628198585441,0.03572577727386122,1710.8693138583703,3238.8901854335845,1101.1157235881344
disco.00048.wav,disco,0.15344164373663877,0.027129300066936285,2617.358915163895,4986.177222302784,1077.0086542040199
disco.00049.wav,disco,0.13405762408082594,0.03508686955522702,2396.997938613417,4920.545085013051,1324.5232115648503
disco.00050.wav,disco,0.1277438080156012,0.015259993922903874,2375.876794890427,5005.320622915458,956.2914303770739
disco.00051.wav,disco,0.15645346563477158,0.017120297196717597,2650.631198195172,5370.785543702871,842.6540543957262
disco.00052.wav,disco,0.16881032175695748,0.023902789010554832,2590.650685872097,5060.527559001595,973.8240871704195
disco.00053.wav,disco,0.15307935806444262,0.04492238835198467,3078.378082558208,6405.545051025957,1333.8155773380433
disco.00054.wav,disco,0.11373781376433016,0.027407394023914358,2565.316235691943,5519.286372987964,1465.3799532978733
disco.00055.wav,disco,0.10976547360372352,0.02760606691322944,2107.895519705964,4397.486427820476,1054.2647832596483
disco.00056.wav,disco,0.07648173577242187,0.014302086109046108,1754.627104884922,3814.915859284368,1285.468268212498
disco.00057.wav,disco,0.09190776078412803,0.011825726400008112,1937.5225305675283,4162.944381253626,933.8605408361569
disco.00058.wav,disco,0.11004193169920713,0.03227156787910294,2217.982601779682,4743.79129431917,1166.3291068532276
disco.00059.wav,disco,0.10933398572112527,0.03176251447536529,2279.9197396429095,4829.0664425029,1528.0916470299412
disco.00060.wav,disco,0.09247533816310748,0.026025602803446707,1974.340405198489,4249.643418739124,1400.49999577219
disco.00061.wav,disco,0.11519134077967356,0.018813198544783586,2549.0149773560206,5582.811820258121,1396.0976033391448
disco.00062.wav,disco,0.1268826210556406,0.03363898681291862,2387.4656343313104,4919.620805992605,1186.5590765585334
disco.00063.wav,disco,0.09939762860545093,0.019349971385324332,2583.5684973390025,5856.415063986369,1245.6370795318155
disco.00064.wav,disco,0.06434700717100451,0.015468328228994103,2144.753940827811,4947.707230640951,1507.8067695852312
disco.00065.wav,disco,0.07314603490274688,0.03070115259413422,1886.6373150859442,4362.4554202617455,1293.23735848973
disco.00066.wav,disco,0.13761980172321572,0.03274460320491543,2492.4893174259964,5113.935898074971,1227.5652950711824
disco.00067.wav,disco,0.14219882745570514,0.029758016774099404,2541.8124069989076,5183.331766150667,945.2297620001114
disco.00068.wav,disco,0.16142627404145465,0.03198720916469747,2955.968199644237,6131.317294446056,1098.8759676457128
disco.00069.wav,disco,0.08305233307553492,0.01879074392410788,1931.082069357178,4516.1105622824825,842.4775739364308
disco.00070.wav,disco,0.13352698026877677,0.014933828112179805,2449.233952295426,5184.480869797709,931.4315757375592
disco.00071.wav,disco,0.15495444684705542,0.03192688947879077,2808.912510129241,6001.435274978248,850.7644151602776
disco.00072.wav,disco,0.18266061980347695,0.05035693821344388,2902.7590094113057,5469.941530869344,1061.7000652934098
disco.00073.wav,disco,0.1749731065408891,0.04754126451501208,2847.3269665024227,5925.744317357889,869.8752292653778
disco.00074.wav,disco,0.1498768354983138,0.025922087307209317,2648.735088173792,5545.965562010586,865.8132958250752
disco.00075.wav,disco,0.12908695522550345,0.014788686052527984,2690.414589129393,5775.411583707946,786.5303177468064
disco.00076.wav,disco,0.12117352638400035,0.023230257044418386,2251.4537288846423,4556.7954928581785,1054.9813931575854
disco.00077.wav,disco,0.11680477295326484,0.028648823680425036,2309.203495549848,4945.13423769214,1227.9122073368394
disco.00078.wav,disco,0.09551721900412652,0.01839852761364367,2218.6638194730544,4881.525522041763,1383.8476118508602
disco.00079.wav,disco,0.09939783905312576,0.017268810176433603,2292.2755481579,5038.344862510876,1337.280379715261
disco.00080.wav,disco,0.08420239454379327,0.02801193993089866,2144.366952477485,4958.240680738834,1537.234629256456
disco.00081.wav,disco,0.11573562861597332,0.039732159837459556,2292.7138293538574,4741.3348771026685,1476.9760954410472
disco.00082.wav,disco,0.13717915936676292,0.03743537094552879,2577.110522619017,5419.888907518852,1643.4215411295797
disco.00083.wav,disco,0.08946926850141965,0.03256733133310074,1959.0059614673164,4351.905316487819,1528.6553976027508
disco.00084.wav,disco,0.15009738466152123,0.03631188074928809,2455.0657634698086,4725.996841466067,1179.459648484629
disco.00085.wav,disco,0.15736936899018436,0.022785072029703715,3004.2729317540648,6576.261884153857,895.8864799779797
disco.00086.wav,disco,0.09381508313560022,0.026765900475712222,1867.699334187277,3803.774550010876,1195.8009195570098
disco.00087.wav,disco,0.09956002406118417,0.02808990674419556,2139.6395387037146,4526.985412739269,1266.89071185525
disco.00088.wav,disco,0.13045661884243256,0.01995772485828071,2238.58818835185,4384.313370069605,753.1839768741688
disco.00089.wav,disco,0.11125547821603506,0.025462906792171502,2128.799104906264,4422.7583812173725,1302.7042584499793
disco.00090.wav,disco,0.145011881524974,0.03054699670458108,2574.4543432000128,5458.450494398927,1211.8507977961585
disco.00091.wav,disco,0.09077551721900415,0.04099513465534654,2038.1503574198655,4205.70269449681,1643.9522780783152
disco.00092.wav,disco,0.11668243270497164,0.022964256414926842,2457.2907483857775,5267.499444877465,1352.6311230031247
disco.00093.wav,disco,0.1361711150043931,0.033696970084217424,2460.6304129361993,5017.96908987094,1374.6247796074445
disco.00094.wav,disco,0.09285747606596131,0.0189396863489504,2207.386073293734,5074.017036597303,1089.500639547939
disco.00095.wav,disco,0.11724776530875305,0.03671154245067073,2486.6760856755177,5007.335717716793,1420.3808108326366
disco.00096.wav,disco,0.13349081834332083,0.035456943259000014,2481.4665125023575,4956.233912775522,907.208770771518
disco.00097.wav,disco,0.11959348524147995,0.01659501723745952,2825.8911954514483,6233.029620885296,1003.0916120401037
disco.00098.wav,disco,0.1120175092465447,0.02240608490121519,2417.7573626947355,5385.6156422201275,1189.1175916400787
disco.00099.wav,disco,0.1120175092465447,0.02240608490121519,2417.7573626947355,5385.6156422201275,1189.1175916400787
hiphop.00000.wav,hiphop,0.14621213476367603,0.0283571867460622,2667.940502391169,5475.312341393562,1250.6631775217197
hiphop.00001.wav,hiphop,0.09657282454100485,0.02945675806235491,2808.8495665723053,5528.454221650232,1441.1413562805371
hiphop.00002.wav,hiphop,0.057920741898202954,0.017055379027994033,1490.1565469614682,3093.2787689421402,1845.3490847908179
hiphop.00003.wav,hiphop,0.10271933470475068,0.023343777668041032,2492.8602336717045,5125.560163953742,1345.741363866547
hiphop.00004.wav,hiphop,0.09961133821922685,0.036568591167819735,2372.0679525654414,5058.67067412268,2086.820166720384
hiphop.00005.wav,hiphop,0.12374161935978312,0.013667693245666114,2709.3043323151933,5794.946345707656,702.1110637750709
hiphop.00006.wav,hiphop,0.1277476662229728,0.04392152940211666,2858.0725271560427,6047.799109084976,1501.091527688939
hiphop.00007.wav,hiphop,0.07814258882207174,0.013930347032054168,2046.59159663386,4551.99090731946,1564.0246801324759
hiphop.00008.wav,hiphop,0.17539505412889567,0.05837425544202458,3070.761702482193,5754.427951892401,1256.1367548627632
hiphop.00009.wav,hiphop,0.09717319668264315,0.06319377139169843,2200.0376855218474,4792.070301170968,1843.0484610820863
hiphop.00010.wav,hiphop,0.12442676683975988,0.03253312931390845,2284.2433900965116,4662.771160364704,810.9298642435731
hiphop.00011.wav,hiphop,0.09348927506037218,0.02798064778548701,2095.4208239067048,4581.850948466502,1310.5340269840092
hiphop.00012.wav,hiphop,0.08647701823704475,0.014230029046623625,1976.886423508229,4277.413423542634,1030.6621753231977
hiphop.00013.wav,hiphop,0.09588167930229582,0.02260038196425817,1798.6451959001313,3626.6960126341355,1698.1380940467789
hiphop.00014.wav,hiphop,0.13305926031149765,0.03009517953956999,2436.4138649263323,4774.6755365429235,943.164965928193
hiphop.00015.wav,hiphop,0.11507804978139748,0.023581179333218023,2397.1856954878676,5283.603549612094,976.3841872045463
hiphop.00016.wav,hiphop,0.10974926913276266,0.03546999851296415,2432.409998203846,4918.629912267981,1223.0810710569892
hiphop.00017.wav,hiphop,0.07971975384636969,0.014621741907297262,2145.0060165180594,4956.084029691126,990.6092259094312
hiphop.00018.wav,hiphop,0.14501272331567328,0.057368996711344225,2677.0161578799484,5366.13084124855,1332.926955467535
hiphop.00019.wav,hiphop,0.09929464954324085,0.030284191235605353,2470.2744719993443,5255.592066505946,1903.898476427471
hiphop.00020.wav,hiphop,0.10721291868126473,0.04488962484869193,2678.321538899097,5267.23298606076,1022.3170953900155
hiphop.00021.wav,hiphop,0.11882857809274781,0.026356164437882038,2406.175123701828,4988.208970780162,1151.7451094595986
hiphop.00022.wav,hiphop,0.07485553643989176,0.02231512976637979,2025.565005791413,4603.375824753481,1466.2840716244943
hiphop.00023.wav,hiphop,0.10591035279798952,0.017924463661475803,2240.3022291408047,4728.4366050065255,956.9340786514513
hiphop.00024.wav,hiphop,0.13795062546802686,0.02353545911876369,2517.9260002973833,4926.29060324826,1245.616561993326
hiphop.00025.wav,hiphop,0.1067345360417949,0.02413921307588497,2305.42308965845,4815.335486604554,1153.6914577033901
hiphop.00026.wav,hiphop,0.1719280617445755,0.038616197609143255,3460.3049822215926,7022.0219883350055,1316.3799997333213
hiphop.00027.wav,hiphop,0.10208948705316744,0.03710754147468773,2639.5729778074538,5632.832117771331,1807.928192074053
hiphop.00028.wav,hiphop,0.11372325780015538,0.028568583513315933,2773.9565665279183,5744.976990737384,1753.4446499483913
hiphop.00029.wav,hiphop,0.11474449922680592,0.03947925810221201,3127.0197356744848,6388.973803038991,1506.420075765191
hiphop.00030.wav,hiphop,0.1714528781350127,0.015178307868673156,3725.1985989619184,7642.4302244960845,633.3967461838762
hiphop.00031.wav,hiphop,0.13567742886628337,0.03770089579266421,3084.76186419123,6778.925675430534,1470.0628355497456
hiphop.00032.wav,hiphop,0.07746762994603526,0.025071486710485168,2145.7496112926738,4529.626124182413,2002.024423553272
hiphop.00033.wav,hiphop,0.1513879295307867,0.046079477692348006,2987.7222487370273,6169.834153395433,1622.4376123272036
hiphop.00034.wav,hiphop,0.16808601141606072,0.024276957841359775,3191.7829624873807,6355.339271282328,869.3293365592435
hiphop.00035.wav,hiphop,0.1026662843937064,0.034314860629155286,2827.1825932500647,6196.513335129311,1715.4963535407812
hiphop.00036.wav,hiphop,0.12100872672301244,0.06738825126909463,2967.125657791614,5804.3809370561075,1903.284591506355
hiphop.00037.wav,hiphop,0.21286298357726932,0.050586081889049735,3785.4039493748483,7074.162930575284,2011.0607921044384
hiphop.00038.wav,hiphop,0.09686727822442108,0.030877682715624966,2208.645680679573,4416.655717329545,1821.5245944759502
hiphop.00039.wav,hiphop,0.11118951418951419,0.06120286445674727,2693.20292794237,5976.54052734375,2339.742040988516
hiphop.00040.wav,hiphop,0.10288837353123066,0.08207385185034813,2457.1937786717695,5319.679953835227,2874.5901001969833
hiphop.00041.wav,hiphop,0.11887542087542087,0.029262323630867993,2702.621719517881,5555.272771661932,1571.2698584261584
hiphop.00042.wav,hiphop,0.10115993265993266,0.036478155943222804,2896.9424469472465,6007.1193070845175,1579.4794496166862
hiphop.00043.wav,hiphop,0.06130529787672645,0.01780150044402596,1846.294039564564,3875.152754350142,2217.4238486829627
hiphop.00044.wav,hiphop,0.14048718477289907,0.06848512645937821,2507.1361007509568,4457.046786221591,2012.9452025665332
hiphop.00045.wav,hiphop,0.11118951418951419,0.06120286445674727,2693.20292794237,5976.54052734375,2339.742040988516
hiphop.00046.wav,hiphop,0.09114530885826874,0.0274904526531644,2306.7846546384612,5000.366154292344,1928.0318285134488
hiphop.00047.wav,hiphop,0.10893837916708318,0.040994190537321215,3235.5740417629454,7337.767874945621,1633.506726344208
hiphop.00048.wav,hiphop,0.07699210645846377,0.024170962789695216,2345.2702381605814,5395.266447487674,1910.4366909083067
hiphop.00049.wav,hiphop,0.10785759005845184,0.01685995094739291,3085.4703658967655,6683.478250525667,1187.0243124316844
hiphop.00050.wav,hiphop,0.04216484015622233,0.00862448987367083,1683.2948876609742,3618.0610816052786,2192.8746669665466
hiphop.00051.wav,hiphop,0.09905035486739167,0.028794010165718,2500.421635269264,5294.461746392836,1915.9482741375266
hiphop.00052.wav,hiphop,0.0816720418510276,0.031531697088321986,2595.6215203861184,5858.521754005946,2128.618457893917
hiphop.00053.wav,hiphop,0.10624524519784713,0.033225880753690915,3079.127910757477,7003.520269902842,2136.2358325522546
hiphop.00054.wav,hiphop,0.12571340884897395,0.029631238057146184,3258.4154378242924,7619.914454484484,1314.6477057082805
hiphop.00055.wav,hiphop,0.07223911064812621,0.01869834965989199,1734.6325446299302,3551.5213189711426,1383.1368177107267
hiphop.00056.wav,hiphop,0.06953566474282417,0.008037956007799461,2355.7292443702736,5177.136598662268,1121.7105750937624
hiphop.00057.wav,hiphop,0.05098894623588027,0.009818063958634403,1811.1898818692061,3890.190475003625,1325.0889774852997
hiphop.00058.wav,hiphop,0.13485774614047732,0.030417802715297808,2677.808848150028,5211.717956967807,1414.5230853744295
hiphop.00059.wav,hiphop,0.06249587434870829,0.025585951222068234,1948.9375300178885,4218.975674303944,1737.3790366753453
hiphop.00060.wav,hiphop,0.053554198168052985,0.027947028344234633,1716.9407789906954,3684.7507273238107,1186.7920261468105
hiphop.00061.wav,hiphop,0.06645997197538463,0.01694363932293604,1811.362843685168,3805.1901124746228,1233.5785138085894
hiphop.00062.wav,hiphop,0.10810388398721181,0.03710070268622877,2449.0569723690833,4930.062660872245,2408.08891682286
hiphop.00063.wav,hiphop,0.12111852939164838,0.029945258247029843,2670.9590496633355,5320.258290585121,1886.8074069884015
hiphop.00064.wav,hiphop,0.07905445859705057,0.03174532768030832,2429.6681661867096,5273.6529781757545,1322.1195861838135
hiphop.00065.wav,hiphop,0.0881580391888645,0.029558540300646956,2446.855385943406,5314.862499546839,2566.032229942967
hiphop.00066.wav,hiphop,0.07894176386718647,0.026816734885914812,2244.6928416770315,4815.202257196201,1653.9695202896567
hiphop.00067.wav,hiphop,0.12556949771401213,0.0377418648956301,3053.718062123279,6668.173522241154,1866.2459330010367
hiphop.00068.wav,hiphop,0.09527190716451571,0.018304327281761356,2544.7837861316216,5683.591540838892,1568.7714577569825
hiphop.00069.wav,hiphop,0.12056491170843174,0.028845959468428446,3297.406172657966,7077.346015806264,1212.2009552798067
hiphop.00070.wav,hiphop,0.0688696329266432,0.01739905630534953,2500.6052835487426,6027.781390479989,2498.585371843773
hiphop.00071.wav,hiphop,0.10642089885709376,0.044123206862207394,3184.9217868977203,7471.147166382686,1507.328455716332
hiphop.00072.wav,hiphop,0.05101591861286923,0.02201219877985729,1821.5197612413365,4003.377184237239,2190.192038662121
hiphop.00073.wav,hiphop,0.08485397561963687,0.060598463621833853,2566.8514348864305,5932.039406902552,2151.89215193133
hiphop.00074.wav,hiphop,0.11025595698449527,0.03209007475032237,2774.6105233551893,5968.152903404148,1246.263948478382
hiphop.00075.wav,hiphop,0.14576802002058878,0.04869035234895976,3140.810674260539,6336.698754259716,1830.9304604181657
hiphop.00076.wav,hiphop,0.09456038357596197,0.028186318808761723,2327.6845787701927,4932.1693508918215,2415.438968471595
hiphop.00077.wav,hiphop,0.13632831941748083,0.0419318725480674,2987.6246315223584,6404.878903984194,1892.6521761737183
hiphop.00078.wav,hiphop,0.09456038357596197,0.028186318808761723,2327.6845787701927,4932.1693508918215,2415.438968471595
hiphop.00079.wav,hiphop,0.171222893901051,0.03117677148401292,3211.823402843967,6310.344311919954,2323.579578393121
hiphop.00080.wav,hiphop,0.15388190027235435,0.02939024567581246,3377.753402234906,6893.997369398927,1500.3181551428113
hiphop.00081.wav,hiphop,0.051586196737008795,0.013469398471312956,1470.3116285520296,3279.08383256598,1627.0042659535893
hiphop.00082.wav,hiphop,0.11196756299838832,0.021444930833988102,2291.140721366169,4820.747931318881,940.49768909109
hiphop.00083.wav,hiphop,0.11008468765180732,0.02472597065245737,2367.6617218034994,5016.411971160818,1028.7854144422433
hiphop.00084.wav,hiphop,0.10444528623514371,0.032229323155402806,2044.0534128740005,4074.0304048542635,1371.7099526075028
hiphop.00085.wav,hiphop,0.12608512959192442,0.02021726000356806,2607.8277416961105,5534.641062300609,804.9691268703442
hiphop.00086.wav,hiphop,0.0791756063085198,0.02273782168802621,2083.4322502978594,4479.430840795389,1324.6758826599182
hiphop.00087.wav,hiphop,0.08720856942931851,0.036940496545841785,2473.157340416125,5509.635567720417,1060.159337110149
hiphop.00088.wav,hiphop,0.14868535091272908,0.023894909069651964,2694.8775197799505,5599.98176025957,833.0037054997285
hiphop.00089.wav,hiphop,0.11683679607444938,0.024973160529164175,2669.9796757485356,5526.430800010876,967.4740554350587
hiphop.00090.wav,hiphop,0.10371306862523302,0.019065282165898027,2272.772901637457,4964.435848227233,975.9905401089084
hiphop.00091.wav,hiphop,0.13697814676270093,0.02464719222213389,2628.9524146517033,5411.512108468677,801.4853991223337
hiphop.00092.wav,hiphop,0.07216457709662881,0.015406118293926314,2329.9470606590817,5835.606295769287,1077.713604962055
hiphop.00093.wav,hiphop,0.15122776927218426,0.03944910464000671,3185.47779595642,6278.377580753336,551.1763761331887
hiphop.00094.wav,hiphop,0.05381599507552441,0.01386048136127455,1929.7340813658566,4412.291545823666,1411.8350761936192
hiphop.00095.wav,hiphop,0.15656370514176282,0.024211142699110132,2735.7751414418676,5419.955522223027,813.4624215643083
hiphop.00096.wav,hiphop,0.08240534677392483,0.010263016692819286,1752.6267888161815,3490.710420896172,852.5331398193207
hiphop.00097.wav,hiphop,0.1151474273648619,0.04728331201668918,2582.20395396858,5731.928835556844,786.2437092676485
hiphop.00098.wav,hiphop,0.10028522674860098,0.024073023857931107,2538.747388207359,5353.807120975928,793.0800489997265
hiphop.00099.wav,hiphop,0.10085788994638846,0.02457059499012715,1962.680819465492,3797.7542461209396,1474.6326058978948
reggae.00000.wav,reggae,0.09707551388691593,0.016002171825901388,2133.2003820783343,4801.329745051479,1382.8436811086394
reggae.00001.wav,reggae,0.06337572100250258,0.017963677698145514,1638.9074391417607,3574.7865044047276,1645.4214043438858
reggae.00002.wav,reggae,0.07435277694475573,0.015194902409509263,1796.8382988303633,3924.821794337297,1601.9160678886733
reggae.00003.wav,reggae,0.08431074002171118,0.027738393344179508,1923.3414635379286,4153.301902824101,1950.4177980591335
reggae.00004.wav,reggae,0.08382986708475605,0.02217598751143788,2009.5859921719066,4304.667164388776,1550.5465591496932
reggae.00005.wav,reggae,0.07264281943764875,0.020365420779250257,1798.364254543586,3796.272068953016,1407.0755389230994
reggae.00006.wav,reggae,0.060222302893830904,0.028161635998790714,1417.8371180079043,2880.253271824246,1614.5072293698568
reggae.00007.wav,reggae,0.0733109206559654,0.01878540411123103,1754.053045973853,3768.876771860499,1709.9820912388398
reggae.00008.wav,reggae,0.06918204249990792,0.023617235699918325,1691.2049386237773,3655.798311521172,1640.530152115153
reggae.00009.wav,reggae,0.05994426644078616,0.010968844423034916,1609.7020525109226,3269.7078129531615,2218.205454160712
reggae.00010.wav,reggae,0.10198613500569087,0.03434452607949129,2149.049179492621,4426.1807116444315,1374.0567120370124
reggae.00011.wav,reggae,0.06996627576011069,0.015471731012633489,1995.1642434287544,4557.786386582801,1409.2453097588773
reggae.00012.wav,reggae,0.11320692442999368,0.04332299533586625,2300.0433924991617,4920.811543829756,1835.5278185675866
reggae.00013.wav,reggae,0.07007802347543811,0.032398812816758715,1608.5610274912588,3436.6775689711426,1946.459148896614
reggae.00014.wav,reggae,0.06360514404266476,0.025240807338228574,1716.249593551714,3790.9012584287993,2175.9745163786806
reggae.00015.wav,reggae,0.06782149828222085,0.02083512157505692,1923.059128288561,4491.971058856583,1965.3491333729778
reggae.00016.wav,reggae,0.07888448702502399,0.021839262389792967,2118.7683462374644,4853.314194823086,1042.5864521555743
reggae.00017.wav,reggae,0.07754589951474275,0.02902368529718807,1803.7743780442327,3777.9696789805685,1622.4483301436653
reggae.00018.wav,reggae,0.07669484911778582,0.02975241119242416,1907.5162410949943,4220.574427204177,1905.583116814801
reggae.00019.wav,reggae,0.07077685005427796,0.024743507960203956,1753.9362398405503,3840.287734737529,2114.3432410170903
reggae.00020.wav,reggae,0.05659243124937524,0.024626916564935562,1637.7409720018807,3594.9291255800463,1820.5377469766893
reggae.00021.wav,reggae,0.09198352194706189,0.0193524922193962,2006.8930962076415,4323.510798832656,1137.8648865834914
reggae.00022.wav,reggae,0.07191877421244341,0.018681079092163915,2058.8216214305553,4552.781956931554,1119.1867179354
reggae.00023.wav,reggae,0.1195490807820937,0.06898183337895948,2354.7803333854904,5050.143991988109,1602.2244455618095
reggae.00024.wav,reggae,0.07197727866604234,0.026725595601588145,1811.2349342438183,3854.0103637978536,1698.0850939419545
reggae.00025.wav,reggae,0.07319983935827488,0.022441802103556466,1708.9236968335272,3582.7219810397332,1759.7293498455024
reggae.00026.wav,reggae,0.07390182265223698,0.021158841149096764,1840.8734875865964,4007.299124945621,1725.0804309088523
reggae.00027.wav,reggae,0.0868803412058301,0.036420108481546365,2086.325810192422,4678.4422695221865,1889.348888414861
reggae.00028.wav,reggae,0.06729408133451885,0.03601839912284122,1640.702890671372,3497.280296095563,1768.2488364306178
reggae.00029.wav,reggae,0.04338575234166882,0.011990709715361628,1585.0377717186575,3734.3037403929816,1496.9098638241287
reggae.00030.wav,reggae,0.06973001317051698,0.03487781049282625,1814.0413745530234,4068.8344579285094,2163.905251381452
reggae.00031.wav,reggae,0.0579977657471857,0.02061904751487305,1579.8064471159312,3541.987089435905,1815.4606430787617
reggae.00032.wav,reggae,0.06538454928246111,0.019837012970528554,1510.6867183689135,3318.9194256634282,1434.0765964842942
reggae.00033.wav,reggae,0.05886137285540666,0.03762658112027307,1615.9375128457352,3560.7724360136312,1942.9859530795375
reggae.00034.wav,reggae,0.044406949683714676,0.011432931484280828,1291.3256533234212,2826.819952236804,1726.4192381529153
reggae.00035.wav,reggae,0.06098864810167429,0.02037647045626322,1699.0408901101935,3785.5471015806265,1689.5013512588334
reggae.00036.wav,reggae,0.05888501314421102,0.025873066549991372,1810.9528625566486,4118.229261075261,1694.5790370090692
reggae.00037.wav,reggae,0.06312946214835508,0.031167945667932503,1709.7580115535982,3838.08944949971,1663.8274455230119
reggae.00038.wav,reggae,0.06505547926827344,0.02677429585619602,1700.9060671086115,3693.568848789153,1679.8807414562812
reggae.00039.wav,reggae,0.025803480453795335,0.0058751484447905145,1312.255386924923,2646.835348390371,2261.2717995765784
reggae.00040.wav,reggae,0.10063576242561989,0.051171533890385056,2032.3811629087336,3838.9554406540024,1397.6852851995004
reggae.00041.wav,reggae,0.058647908763918045,0.016841201391465253,1930.2323260584533,4120.144433820331,1457.7204320315047
reggae.00042.wav,reggae,0.1050537956868749,0.02273323413124971,2479.6656661783977,5046.729988399072,1927.4394250462542
reggae.00043.wav,reggae,0.07542213172972205,0.014961611241384985,1484.715975682295,2775.1352686339906,461.7656523130008
reggae.00044.wav,reggae,0.08700643443765751,0.021866480357234222,2455.3491789435293,5584.343958454177,1961.5969846190835
reggae.00045.wav,reggae,0.22245322361994554,0.0371459955815913,4282.077748119587,7925.52606356946,1353.1155119125965
reggae.00046.wav,reggae,0.0801748820177723,0.016734423650841282,2322.1698475078733,5227.513968695621,1748.4598009551944
reggae.00047.wav,reggae,0.11417992925450667,0.03142308291124389,2477.7986525615497,4759.479057152697,1126.6262846666957
reggae.00048.wav,reggae,0.11059530386013647,0.025368845577263377,2672.85191269513,5607.942217408643,1423.0754077012589
reggae.00049.wav,reggae,0.08032465061301654,0.021215152517699416,2322.0631709816244,5450.165290566995,1851.549935274492
reggae.00050.wav,reggae,0.12628772055354753,0.038577942766663105,2954.8185788567075,5869.1134919699825,2296.5332885006096
reggae.00051.wav,reggae,0.2739399136813787,0.04637972046799821,4273.650128634408,7673.056334741154,1875.4008905239978
reggae.00052.wav,reggae,0.13322000726044478,0.033353037729576,3289.023545845818,7286.557821110064,1966.9005429686054
reggae.00053.wav,reggae,0.08929052827627572,0.03415492792160804,2003.6725747242701,4157.357072940836,2578.935296612129
reggae.00054.wav,reggae,0.1007789369937199,0.03143205880927547,2542.6153583405116,5477.87700750435,2714.5723795579065
reggae.00055.wav,reggae,0.08160936351854484,0.021068924562790824,2525.3329292989506,5594.935696418213,2224.55121835709
reggae.00056.wav,reggae,0.0825688295426446,0.024594911501273718,2173.790199981531,4658.666029219838,2162.9834416508165
reggae.00057.wav,reggae,0.07859445505451472,0.027674591275601505,2169.0749851424653,4771.7111822070765,2418.2739081742284
reggae.00058.wav,reggae,0.11100371264772989,0.04734911951228619,2630.978528430863,5697.755492314385,2400.4088796360606
reggae.00059.wav,reggae,0.11665861704310494,0.02454312753052865,2671.459793472698,5699.270976834397,1785.6125870448539
reggae.00060.wav,reggae,0.11773211063234265,0.03632831805847774,2395.488968974987,4791.603998241734,1487.0894824826482
reggae.00061.wav,reggae,0.13250308218157075,0.04192574510776335,3123.746872746035,6474.76605550319,2098.499510990945
reggae.00062.wav,reggae,0.060340644636302565,0.01682146981092662,2112.4228500725676,4783.210545515516,2455.4043149586496
reggae.00063.wav,reggae,0.08287629359555113,0.021282336517711366,1910.70451656415,3940.1681568119197,1652.1967126965312
reggae.00064.wav,reggae,0.10046287966075834,0.031558104016570596,3094.3909521437877,6974.84263975493,1846.4222994256766
reggae.00065.wav,reggae,0.0820761013866748,0.01820739266751747,2081.122071364067,4365.852770174739,2062.495276175824
reggae.00066.wav,reggae,0.06669981217545022,0.011895526088797527,1628.9791058659616,3258.1668154546114,1194.7912537433995
reggae.00067.wav,reggae,0.059987267915673624,0.014107105853749202,1728.2543051766754,3517.897547038138,1391.4306679108647
reggae.00068.wav,reggae,0.07718421011095855,0.017615615511508753,2104.4628968567395,4379.8585117278135,1784.9922979587213
reggae.00069.wav,reggae,0.07991659257154783,0.02502637286284328,2460.2803864725665,5285.968371610354,1758.1353273657244
reggae.00070.wav,reggae,0.06057469752531071,0.014133132934216296,2288.3676811914866,5005.278988725348,1584.8965290792953
reggae.00071.wav,reggae,0.12089222799199595,0.04194310115520475,3110.220722839697,6393.354560161688,2187.995115227252
reggae.00072.wav,reggae,0.13531010341749486,0.037101525037948314,3089.6371845235235,6574.771380147912,2158.6365698623613
reggae.00073.wav,reggae,0.05067744860253975,0.009306799945343945,2152.02969643979,5070.652994036398,1832.0112483168375
reggae.00074.wav,reggae,0.050661419504641245,0.009314438449504093,2148.196262118475,5063.283742386891,1824.4264024759796
reggae.00075.wav,reggae,0.13400999275709252,0.020170269975627354,2481.3804941498192,4847.177315200841,1416.2089222919633
reggae.00076.wav,reggae,0.08765520954450354,0.034052171519033725,2456.1378121301186,5054.224142618909,2314.5456738703056
reggae.00077.wav,reggae,0.060635446754107675,0.023357680735492773,1777.8395856871614,3821.1776414769433,1200.7891801195274
reggae.00078.wav,reggae,0.09328124753381632,0.030697586207325964,2316.624696854046,4679.324914352524,2039.970877082653
reggae.00079.wav,reggae,0.18480094280558315,0.04933340770032264,3002.494625958869,5292.746417760296,1223.8890983168858
reggae.00080.wav,reggae,0.09345111388200548,0.02237444304395078,2539.12100915184,5260.771359755656,1669.8541566906877
reggae.00081.wav,reggae,0.09894113252416203,0.023929088727706382,2566.692787337276,5313.538532301334,1771.8615249260758
reggae.00082.wav,reggae,0.09894113252416203,0.023929088727706382,2566.692787337276,5313.538532301334,1771.8615249260758
reggae.00083.wav,reggae,0.06994649367867796,0.04136801719337922,1366.30603509098,2562.7176306917054,1612.1480376093764
reggae.00084.wav,reggae,0.07517836317305988,0.017081337791885483,1787.7487857416345,3818.179979789008,1301.1694500150336
reggae.00085.wav,reggae,0.09893548551155446,0.04079350868225157,1796.8287818453114,3439.308849786108,670.2984689859544
reggae.00086.wav,reggae,0.2587216706739412,0.11054035817091618,4435.243900599968,7625.376860226943,2942.940788455303
reggae.00087.wav,reggae,0.12092046305503383,0.056927935239938235,3296.900340202879,6910.651045443011,2223.476011194159
reggae.00088.wav,reggae,0.18833127269985075,0.04450862682383431,3881.1260227531525,8249.731501957656,867.1662421174624
reggae.00089.wav,reggae,0.03781467627009556,0.011940543883697006,1052.2093289413267,2055.438331550899,1154.9968618949683
reggae.00090.wav,reggae,0.1284341816128359,0.03453291576086259,2868.2336817872942,5796.886498966793,1889.3591801084208
reggae.00091.wav,reggae,0.12286892792693258,0.021126909474971447,2313.837204027342,4559.143661180395,1121.1921806712542
reggae.00092.wav,reggae,0.1191603839267081,0.02135492796736857,2170.5445047828625,4306.240936774942,1031.061988832974
reggae.00093.wav,reggae,0.08884553666787673,0.020195517094263364,2108.8990772454226,4604.591543104699,2543.4556861973815
reggae.00094.wav,reggae,0.09496482893234633,0.022223956635561735,2022.4768503475636,3834.300738199681,1546.1231870135578
reggae.00095.wav,reggae,0.10242302437860941,0.023224601860397334,2617.0246825399286,5718.972275594548,1351.8509759435287
reggae.00096.wav,reggae,0.0785682543190001,0.03664488798917749,1629.7999503085323,3183.466751558875,1194.3095856099944
reggae.00097.wav,reggae,0.09320085652203651,0.024236048831451924,2006.8922114716922,4136.972973462877,1044.7088923819474
reggae.00098.wav,reggae,0.06435135642295071,0.013495261397441158,2026.298986070191,4462.743857399217,1745.8733664379765
reggae.00099.wav,reggae,0.1383202768088416,0.027429088914077904,2467.092359992306,4723.482136383411,799.4197746077833
rock.00000.wav,rock,0.0894592371622534,0.026481265739964895,1996.327664393569,4227.935352015661,1127.205771775847
rock.00001.wav,rock,0.05448255301089242,0.018853096769421256,1529.474960625274,3271.9227518670245,1167.0808978395055
rock.00002.wav,rock,0.07568168386199543,0.01826245868441437,1875.3156310172185,3929.5264578197507,1428.518778596806
rock.00003.wav,rock,0.04262764966775574,0.012001951971070507,1421.4459797175741,3042.4933838457077,1591.5899277182525
rock.00004.wav,rock,0.040880407847593794,0.016284992760813296,1345.6930613276413,2938.9907872317285,1597.3845417735974
rock.00005.wav,rock,0.0764446268324293,0.011472686647057551,1542.1318211375358,2869.736475402407,799.6610924689073
rock.00006.wav,rock,0.0866291719059369,0.018636275165011186,1676.1187569165281,3255.085885386456,855.9322246027002
rock.00007.wav,rock,0.04689619493066626,0.01951544021159333,1282.165908973539,2675.7877641930104,1274.2562867974925
rock.00008.wav,rock,0.08443897280489923,0.01167635624770903,1717.1319766865513,3362.185676025957,658.6880963896365
rock.00009.wav,rock,0.04224140803524297,0.009285964239772416,1181.2313375423403,2367.1951470961426,1443.3936870099924
rock.00010.wav,rock,0.07119216854052783,0.018283102301548934,1857.9488683792245,4191.638665077581,1284.0943538772729
rock.00011.wav,rock,0.053666682450242274,0.019917419254578676,1537.59067990156,3416.7514455843966,1541.8087656937257
rock.00012.wav,rock,0.06769245878294602,0.024238092461873997,1863.6767997588174,3986.1156490175463,1652.8162604368904
rock.00013.wav,rock,0.04573220884125757,0.017029999189001298,1597.5312610466278,3825.590865628625,2135.51388504537
rock.00014.wav,rock,0.0830441256162171,0.038899531834974514,1937.046639153859,3986.1489563696346,1639.7223891217118
rock.00015.wav,rock,0.11370768467221896,0.03587239468531882,2335.5626669025687,4500.098052766096,1705.6578092038146
rock.00016.wav,rock,0.14174475152267663,0.017676192786368852,2459.4994227321536,5024.264179415603,801.3646143137387
rock.00017.wav,rock,0.13948706886724785,0.01665349064975923,2312.16028506826,4528.650780343677,901.9939369911104
rock.00018.wav,rock,0.11509025574653682,0.024402387893363787,2209.0430756402216,4593.583463239559,1123.8832147471655
rock.00019.wav,rock,0.12729716790041617,0.03090214377447785,2321.18947931781,4701.482630329177,882.5053661483694
rock.00020.wav,rock,0.11621025827190891,0.0351649632883345,2188.143059972821,4432.584050083382,1179.3013463827917
rock.00021.wav,rock,0.12104322419867666,0.030955813108106165,2158.2060420913685,4245.91299530525,961.7459877954369
rock.00022.wav,rock,0.13695576915994548,0.025444156561878296,2342.440835994473,4595.3987139283645,1011.1835906449636
rock.00023.wav,rock,0.1147723394591144,0.039034540500027214,2294.785906674184,4847.943384298869,1294.8083231219643
rock.00024.wav,rock,0.14210819465708427,0.0337012048828253,2320.3026430769382,4466.382685614849,695.0610247400449
rock.00025.wav,rock,0.1569910542200897,0.02799486264897726,2510.230989913879,4735.3645342408645,838.8898520216813
rock.00026.wav,rock,0.12204558647382645,0.026011481874356136,2263.1554320011815,4602.92617550029,966.8113822558108
rock.00027.wav,rock,0.13288448712818463,0.03348243434646626,2669.22560161555,5445.858736303938,1169.8716319987611
rock.00028.wav,rock,0.10120923233949418,0.021912870469672087,2046.7124171448247,4095.247188134426,1269.760748345112
rock.00029.wav,rock,0.11051098449176011,0.028899621982082676,2445.028012751343,5173.47278993257,1104.469985109088
rock.00030.wav,rock,0.11427003593394046,0.03016061045453791,2944.36059987096,6333.376345888921,1089.2729549728099
rock.00031.wav,rock,0.13148886468740628,0.028700290595557797,2639.202418488209,5302.980101689385,1612.4310680220792
rock.00032.wav,rock,0.1149495075383843,0.015560460097494727,2344.557639711626,4728.699625029819,1084.9592274943216
rock.00033.wav,rock,0.07439549782274342,0.017867597211882864,1673.8775736070381,3431.423334179234,1244.4120243164805
rock.00034.wav,rock,0.13425135395646537,0.018212629921634645,2788.2505763444437,5831.991493155103,1115.1419432949112
rock.00035.wav,rock,0.05637167163849298,0.010615494645715687,1867.0823938993342,4270.518801660382,1714.23477186667
rock.00036.wav,rock,0.14576933302056452,0.026497972026255926,2850.226846254986,5897.606074892241,1304.8629237685218
rock.00037.wav,rock,0.14532436124746367,0.02334529713851473,2626.720259282235,5047.113022948086,1360.0961574813762
rock.00038.wav,rock,0.13934422891963805,0.042814294892987007,2794.957193727644,5862.41455078125,1252.8652697981452
rock.00039.wav,rock,0.12172339108368277,0.020169782289796396,2559.136373910091,5446.934477414443,1360.6837381183434
rock.00040.wav,rock,0.14292567864990802,0.026554469884253255,3009.95870728667,6131.200718713747,1337.3946337335112
rock.00041.wav,rock,0.14710011872756323,0.029167809483663966,2806.851354542389,5677.17987556192,1360.9963225179958
rock.00042.wav,rock,0.1367876214677673,0.03745437761580552,2794.8155285561966,5878.322974822361,1656.0054652012734
rock.00043.wav,rock,0.14264634443620192,0.027771182957414754,2739.3914429411548,5326.586687481874,1409.412648449081
rock.00044.wav,rock,0.06855568007042982,0.014901175655302667,1651.4210859526786,3455.029919971723,1543.785391693986
rock.00045.wav,rock,0.07859049162330568,0.01751678609155295,1560.999791662268,3242.912048198231,531.120193177533
rock.00046.wav,rock,0.11719210189876415,0.023260647791002332,2429.0310406215276,5035.530391259425,1654.5020278809695
rock.00047.wav,rock,0.1551656310887335,0.0363793116538394,2997.7243180550076,5962.032677457946,1416.2181050200224
rock.00048.wav,rock,0.08451711904148099,0.01702977943489358,1646.2120742875447,3183.8414592698664,711.5341044196406
rock.00049.wav,rock,0.09086643061452475,0.04691731765173389,2077.9426068946104,4495.809731184745,2578.7187540172827
rock.00050.wav,rock,0.05273829253279037,0.019083919133475062,1721.0884600743702,3811.160455336427,1984.525239527862
rock.00051.wav,rock,0.11976391278346864,0.03388793138104156,3031.033547083498,6732.67320955989,1313.1058300540485
rock.00052.wav,rock,0.08822457572871892,0.045448818069404366,2186.622282256858,4462.710550047129,2663.9844664524417
rock.00053.wav,rock,0.18608611168107353,0.02426838231236233,3361.7232515596666,6920.301850710557,1009.8446108767884
rock.00054.wav,rock,0.1307022463535556,0.04482412451180291,2632.220428269073,5309.858069895592,1814.042946280803
rock.00055.wav,rock,0.06597804680005542,0.01099224097024476,1712.3913159202511,3618.6606139428654,1629.7021114006402
rock.00056.wav,rock,0.17629969853370583,0.03909567276814028,3303.1623095043396,6717.201944514936,1118.7428451984742
rock.00057.wav,rock,0.17399712037431625,0.028500402641731423,3488.554942688446,7660.024833236659,1160.1041986491946
rock.00058.wav,rock,0.0978211650734024,0.0320855747817986,2438.007049398,5499.143751812645,2048.9596643925743
rock.00059.wav,rock,0.08588569534542355,0.023097882809567635,2424.136647569096,5643.69765987529,2481.520959430218
rock.00060.wav,rock,0.13343673329089306,0.02139011992580772,2796.5121705291363,6203.0446771679235,1882.265477568188
rock.00061.wav,rock,0.06880856802633402,0.028652025092327112,2071.3773180976523,4685.844828523782,2323.4949260457124
rock.00062.wav,rock,0.10791251690157888,0.023501901694510892,2947.0945067509,6984.035468931264,1801.8400334859207
rock.00063.wav,rock,0.055379305627896946,0.024969927024895932,1711.0402197518183,3491.6763341067285,2882.4416117890582
rock.00064.wav,rock,0.10548791416540836,0.01490154488605465,2181.21508104674,4689.616886147767,990.5944437966388
rock.00065.wav,rock,0.12800693775834643,0.022947520136323257,2294.1799286661003,4730.135279963022,875.5857649622722
rock.00066.wav,rock,0.10634096381527605,0.03197208630446028,2209.483104262664,4575.11453650667,1310.5431016947807
rock.00067.wav,rock,0.11884618554820742,0.03109227066775017,2414.1524666266187,5213.025270537268,1220.3783874243888
rock.00068.wav,rock,0.11761860918639175,0.02864866711809007,2467.2846541733365,5402.860523763776,888.631531117336
rock.00069.wav,rock,0.13679463639026118,0.04146069259889088,2568.4195371989713,5364.440493130075,1280.8450947036313
rock.00070.wav,rock,0.1381407298676109,0.025555668551503794,2511.6038995554068,5129.5154120142115,1070.5956534474053
rock.00071.wav,rock,0.09020776446696234,0.017675062483845125,2025.1566621224267,4571.101000580046,1004.0842538590672
rock.00072.wav,rock,0.08131400020694021,0.029024962577189405,1933.3485732197412,4359.69923687645,1333.3399533275885
rock.00073.wav,rock,0.10929003723170114,0.026457029011257807,2223.937480185976,4917.43917443083,962.965460719115
rock.00074.wav,rock,0.09058513222252036,0.018010323907716168,2140.28934341281,4831.439591339182,805.0572110391274
rock.00075.wav,rock,0.11085197987418736,0.026697590811157006,2301.799132172464,5092.402694949971,1102.3645128218811
rock.00076.wav,rock,0.07077642915892833,0.030948910383125236,1659.5793609914585,3580.1906222810326,1368.4268085568704
rock.00077.wav,rock,0.10578969613109489,0.02239494749245661,2187.9774769670653,4993.946162177349,1126.5911974577884
rock.00078.wav,rock,0.07114962303560249,0.022678511249412333,1878.5499522327996,4287.030921458092,1484.7706194588243
rock.00079.wav,rock,0.10839861595579195,0.02053953626381479,2148.4104634928817,4479.264304034948,989.2950002479467
rock.00080.wav,rock,0.14866728748730737,0.02466667252719272,2606.182823508925,5339.410018035818,939.7691864373131
rock.00081.wav,rock,0.13518229152965647,0.040914798998382705,2553.527051364547,5123.411839744054,1027.1750008314066
rock.00082.wav,rock,0.1819725962052777,0.0326977900141681,2975.8049828513485,5926.577001160093,822.1742572095968
rock.00083.wav,rock,0.0921305547225335,0.014621419142533235,2116.2405499597653,4690.041554886891,907.1056881111124
rock.00084.wav,rock,0.13816857910991154,0.03335662806228608,2581.468840079423,5390.270344674449,1071.747571279226
rock.00085.wav,rock,0.12029266256644446,0.034099904759092976,2255.709363679899,4508.4748518162705,1215.418420354016
rock.00086.wav,rock,0.14543463582906738,0.038276441713979044,2521.2287252293986,4830.457024452581,1248.364504758119
rock.00087.wav,rock,0.12751750661594877,0.014876139817671654,2334.498686202529,4818.974314820186,840.6726140531052
rock.00088.wav,rock,0.1604785930871446,0.02897662979134762,2590.7303059709902,4889.402710810615,973.8106811945664
rock.00089.wav,rock,0.07271573955697257,0.019043637131083414,1609.7388932606373,3380.2299340197214,1224.3388703619453
rock.00090.wav,rock,0.11994945748343162,0.026278756118684795,2495.723201525459,5213.208460973753,728.0347559322237
rock.00091.wav,rock,0.1489382037940208,0.02318647944712502,2474.2574228047565,4754.174861332656,1079.4641259278023
rock.00092.wav,rock,0.1498129295543946,0.01645629040536213,2471.353262989943,4687.127161579177,676.9122949878357
rock.00093.wav,rock,0.09769847407898452,0.016763918225040586,1939.7208381111172,3748.5093260585845,926.1940841934415
rock.00094.wav,rock,0.14575648047308637,0.022068204625125928,2628.8637875540994,5085.87445394069,679.5495862827413
rock.00095.wav,rock,0.0887124986627804,0.02327729110673521,2008.1494584800153,4253.557032609484,1105.6313742087143
rock.00096.wav,rock,0.09688369083132092,0.020773415114416684,2006.8433535794893,4149.338327925609,1023.0448740613544
rock.00097.wav,rock,0.12112179133060802,0.029755262819353076,2077.526598273495,4031.4053210194315,896.7805969849462
rock.00098.wav,rock,0.0485351964967477,0.018889969158945828,1398.699343868879,3015.631004386601,1154.431333745389
rock.00099.wav,rock,0.07568999654515067,0.039517972522604715,1609.795082324254,3246.9089304488107,1324.1887993088612
